page,agres,discipline,evolution,ordre,paliers_autorises,paliers_valorisables,valorisations_a_choisir,valorisations_proposees,valorisations_a_3_points,note_de_depart,exigences,valorisations,poutre_mousse,controle
2,Saut,MIXTE,A1,1,PR P1,PR P1,,,0,,,Saut à 1m | Saut tremplin,,
2,Saut,MIXTE,A2,2,PR P1,P1,,,0,,,Saut à 1m | Saut tremplin,,
2,Saut,MIXTE,B1,3,P1 P2 P3,P1 P2,,,0,,,Saut tremplin | 2 sauts à 1.20 m (min.),,
2,Saut,MIXTE,B2,4,P1 P2 P3 P4,P1 P2 P3,,,0,,,2 sauts de 1er envol différents | Saut avec rotation longitudinale ou transversale | Saut avec un élément sur le tremplin,,
2,Saut,MIXTE,B3,5,P1 P2 P3 P4 P5,P2 P3 P4,,,0,,,2 sauts de 1er envol différents | Saut avec rotation longitudinale ou transversale | Saut avec un élément sur le tremplin,,
2,Saut,MIXTE,C1,6,P1 P2 P3 P4 P5 P6,P3 P4 P5,,,0,,,2 sauts de 1er envol différents | Saut avec rotation longitudinale ou transversale | Saut avec un élément sur le tremplin,,
2,Saut,MIXTE,C2,7,P1 P2 P3 P4 P5 P6 P7,P4 P5 P6 P7,,,0,,,2 sauts de 1er envol différents | Saut avec rotation longitudinale ou transversale | Saut avec un élément sur le tremplin,,
2,Saut,MIXTE,C3,8,P1 P2 P3 P4 P5 P6 P7,P4 P5 P6 P7,,,0,,,2 sauts de 1er envol différents | Saut avec rotation longitudinale ou transversale | Saut avec un élément sur le tremplin,,
3,Sol,MIXTE,A1,1,PR P1 P2 P3,P1 P2,,,1,13,4 Arches | 6 à 8 éléments | 1 souplesse | 2 acros,(*) 1 ATR Départ et retour en fente | 1 saut | 1 élément P2 | 2 acros de sens différents,,
3,Sol,MIXTE,A2,2,PR P1 P2 P3,P1 P2,,,1,13,4 Arches | 6 à 8 éléments | 1 saut | 2 acros,(*) 1 ATR Départ et retour en fente | 1 saut P2 (min.) | Sursaut + fente + roue | 2 acros de sens différents,,
3,Sol,MIXTE,B1,3,P1 P2 P3 P4 P5,P1 P2 P3 P4,4,5,2,14,4 Arches | 6 à 8 éléments | 1 PG ou 1 FORCE | 1 LA,1 ATR tenu 2’’ Départ et retour en fente | (*) 1 LAE dont 1 élément P3 (min.) | (*) 1 FORCE ou 1 saut écart P3 (min.) | 1 élément acro avec envol P3 (min.) | 2 acros de sens différents,,
3,Sol,MIXTE,B2,4,P1 P2 P3 P4 P5,P2 P3 P4,4,5,2,15,4 Arches | 8 à 10 éléments | 1 PG ou 1 FORCE | 2 LA distinctes | 1 élément P4,1 LAE dont 1 acro avec appui manuel | (*) 1 LAE dont 1 élément P4 (min.) | (*) 1 FORCE ou 1 saut écart P3 (min.) | 1 salto en P4 | 2 acros de sens différents avec envol incorporés dans les LAE,,
3,Sol,MIXTE,B3,5,P1 P2 P3 P4 P5,P3 P4 P5,4,5,2,15,4 Arches | 8 à 10 éléments | 1 PG ou 1 FORCE | 2 LA distinctes | 1 élément P5,1 LAE dont 1 salto appel 2 pieds | (*) 1 LAE dont 1 élément P5 | (*) 1 FORCE ou 1 Saut écart P4 (min.) | 1 salto en P5 | 2 acros de sens différents avec envol incorporés dans les LAE,,
3,Sol,MIXTE,C1,6,P2 P3 P4 P5 P6 P7,P3 P4 P5 P6,4,6,2,15,4 Arches | 8 à 12 éléments | 1 PG ou 1 FORCE | 2 LA distinctes | 1 élément P5 (min.),(*) 1 salto position tendue appel 2 pieds | (*) 1 LAE de 3 éléments différents dont 1 P5 (min.) | 1 FORCE ou 1 SAUT P4 (min.) | 1 élément acro avec envol P5 (min.) | 2 acros de sens différents avec envol incorporés dans les LAE | 2 salti appel 2 pieds liés directement ou indirectement,,
3,Sol,MIXTE,C2,7,P2 P3 P4 P5 P6 P7,P4 P5 P6 P7,4,6,2,15,4 Arches | 8 à 12 éléments | 1 PG ou 1 FORCE | 2 LA distinctes | 1 élément P6 (min.),(*) 1 salto avec rotation longitudinale 360° | (*) 1 LAE de 3 éléments différents dont 1 P5 (min.) | 1 FORCE ou 1 SAUT P5 (min.) | 1 élément acro P6 (min.) | 2 acros de sens différents avec envol incorporés dans les LAE | 2 salti appel 2 pieds liés directement ou indirectement,,
3,Sol,MIXTE,C3,8,P3 P4 P5 P6 P7,P4 P5 P6 P7,4,6,2,15,4 Arches | 8 à 12 éléments | 1 PG ou 1 FORCE | 2 LA distinctes | 1 élément P7,"(*) 1 acro avec double rotation longitudinale ou transversale, avec envol | (*) 1 LAE de 3 éléments différents dont 1 P6 (min.) | 1 FORCE ou 1 SAUT P6 (min.) | 1 élément acro P7 | 2 acros de sens différents avec envol incorporés dans les LAE | 2 salti liés dont 1 P5 (min.)",,
4,Barres asymétriques,GAF,A1,1,PR P1 P2 P3,P1 P2,,,1,13,4 Arches | 6 à 8 éléments | 1 élément BI et 1 BS | 1 élément des arches des balancés,(*) 1 élément des arches Balancés (hors sortie) | 1 mvt en 2 parties avec interruption (BI ou BS ou inversement ) | 1 éléments de l’arche des élans | 1 élément de l’arche venir à l’appui,,
4,Barres asymétriques,GAF,A2,2,PR P1 P2 P3,P1 P2,,,1,13,4 Arches | 6 à 8 éléments | 1 élément BI et 1 BS | 1 élément des arches des balancés,(*) Enchainement de 2 balancers (av. et arr) aide possible au démarrage du bal. av. (hors sortie) | 1 sauter à l’appui | 1 élément de l’arche des élans | 1 pose de pieds à la station debout puis sortie en saut droit vers l’avant,,
4,Barres asymétriques,GAF,B1,3,P1 P2 P3 P4 P5,P1 P2 P3 P4,4,5,2,14,4 Arches | 6 à 8 éléments | 1 élément des arches des balancés | 1 élément des arches venir à l’appui,(*) Enchaînement de deux balancers (av et ar ou inversement x2) (hors sortie) | 1 élément P2 (min.) | (*) 1 prise d’élan tour d’appui arrière | 1 changement de barre BI - BS | 1 sortie amenée du balancé arrière,,
4,Barres asymétriques,GAF,B2,4,P1 P2 P3 P4 P5,P2 P3 P4,4,5,2,15,4 Arches | 6 à 8 éléments | 1 changement de barre BI-BS | 1 élément des arches des élans | 1 élément des arches venir à l’appui,(*) Enchaînement de deux balancers (av et ar ou inversement x2) (hors sortie) | 1 élément P3 (min.) | 1 rotation P3 (min.) | (*) Bascule prise d’élan à l’horizontale | 1 sortie P3 (min.),,
4,Barres asymétriques,GAF,B3,5,P1 P2 P3 P4 P5,P3 P4 P5,4,5,2,15,4 Arches | 8 à 10 éléments | 1 changement de barre BI-BS | 1 élément des arches des balancés | 1 élément des arches venir à l’appui,(*) 1 élément en balancé av ou arr (hors sortie) | 2 élements P3 (min.) | 1 rotation P3 (min.) | (*) Bascule P4 prise d’élan au dessus de l’horizontale | 1 sortie P4 (min.),,
4,Barres asymétriques,GAF,C1,6,P2 P3 P4 P5 P6 P7,P3 P4 P5 P6,4,6,2,15,4 Arches | 8 à 10 éléments | 1 changement de barre BI-BS | 1 élément des arches des balancés | 1 élément des arches des élans,1 lâcher | (*) 1 élément en balancé av ou arr (hors sortie) | 1 élément P4 (min.) | 1 rotation P4 (min.) | (*) 1 élément fini à l’ATR | 1 sortie P4 (min.) amené du balancé,,
4,Barres asymétriques,GAF,C2,7,P2 P3 P4 P5 P6 P7,P4 P5 P6 P7,4,6,2,15,4 Arches | 8 à 10 éléments | 1 changement de barre BI-BS | 1 élément des arches des balancés | 1 élément à l’ATR,1 lâcher | (*) 1 grand tour | 1 élément P5 (min.) | 1 rotation P4 (min.) | (*) Bascule avec un élément fini à l’ATR | 1 sortie P5 (min.),,
4,Barres asymétriques,GAF,C3,8,P3 P4 P5 P6 P7,P4 P5 P6 P7,4,6,2,15,4 Arches | 8 à 10 éléments | 1 changement de barre BI-BS | 1 élément des arches des balancés | 2 éléments à l’ATR,"(*) 1 lâcher P5 (min.) | 1 élément en balancé av ou arr P5 (min.) (hors sortie) | 1 élément P5 (min.) | 1 rotation P6 (min.) | (*) 1 ATR ou grand tour, avec rotation 180° (min.) | 1 sortie P5 (min.) amené d’un élément P5 (min.)",,
5,Poutre,GAF,A1,1,PR P1 P2 P3,P1 P2,,,1,13,4 Arches | 6 à 8 éléments | 1 acro en poutre haute | 2 sauts,1 élément de l’arche des pivots | 1 cabriole | (*) ATR 1 jambe ou placement du dos,1 ATR (PR),
5,Poutre,GAF,A2,2,PR P1 P2 P3,P1 P2,,,1,13,4 Arches | 6 à 8 éléments | 1 acro en poutre haute | 2 sauts,1 demi pivot sur 1 jambe | 1 saut appel 2 pieds | (*) 1 ATR P2,ROUE,
5,Poutre,GAF,B1,3,P1 P2 P3 P4 P5,P1 P2 P3 P4,4,5,2,14,4 Arches | 6 à 8 éléments | 2 acros en poutre haute | 2 sauts,1 élément pivot P3 (min.) | (*) 1 saut P3 (min.) | (*) 1 acro P2 (min.) | 1 sortie P3 (min.),Acro P2 (min.),
5,Poutre,GAF,B2,4,P1 P2 P3 P4 P5,P2 P3 P4,4,5,2,15,5 Arches | 8 à 10 éléments | 2 acros en poutre haute | 1 pivots P4 (min.) | 1 élément P3 (min.),(*) 2 éléments gymniques P3 (min.) dans le mouvement | 1 saut avec écart antéro | (*) 1 élément acro sur la poutre P3 (min.) | 1 sortie P3 (min.),Acro P3 (min.),
5,Poutre,GAF,B3,5,P1 P2 P3 P4 P5,P3 P4 P5,4,5,2,15,5 Arches | 8 à 10 éléments | 3 acros en poutre haute | 1 pivots P4 (min.) | 1 élément P4 (min.),(*) 1 LG ou LM | 1 saut avec écart antéro | (*) 1 acro sur la poutre P4 (min.) | 1 sortie avec liaison acro,Acro P4 (min.),
5,Poutre,GAF,C1,6,P2 P3 P4 P5 P6 P7,P3 P4 P5 P6,4,6,2,15,5 Arches | 8 à 10 éléments | 3 acros en poutre haute | 1 pivots P4 (min.) | 1 élément P5 (min.),(*) 1 LG ou LM dont 2 P3 (min.) | 1 saut avec 1 rotation à 180° (min.) | (*) 1 LA sur poutre | 1 élément acro P5 (min.) sur la poutre | 1 sortie avec liaison acro,1 LA dont 1 élément avec envol,
5,Poutre,GAF,C2,7,P2 P3 P4 P5 P6 P7,P4 P5 P6 P7,4,6,2,15,5 Arches | 8 à 10 éléments | 3 acros en poutre haute | 1 pivots P4 (min.) | 1 élément P6 (min.),(*) 1 LG ou LM dont 2 P4 (min.) | 1 saut avec 1 rotation à 180° | (*) 1 LA dont 1 élément avec envol sur poutre | 1 acro avec envol sur la poutre | 1 sortie avec liaison acro dont un élément P4 (min.),1 LA 2 éléments dont 1 salto,
5,Poutre,GAF,C3,8,P3 P4 P5 P6 P7,P4 P5 P6 P7,4,6,2,15,5 Arches | 8 à 10 éléments | 3 acros en poutre haute | 1 pivots P4 (min.) | 1 élément P7,(*) 1 LG ou LM dont 2 P4 (min.) | 1 saut écart avec 1 rotation à 180° | (*) 1 LA 2 éléments dont 1 salto sur poutre | 1 salto sur poutre P6 (min.) | 1 sortie avec liaison acro dont 1 élément P5 (min.),1 LA de 2 éléments avec envol dont 1 salto,
6,Arçons,GAM,A1,1,PR P1 P2 P3,P1 P2,,,1,13,3 Arches | 6 à 8 éléments | 1 élément sur champignon | 1 position dorsale,1 élément arche péda | 1 élément arche champignon P1 | 1 cercle sur champignon | (*) 1 élément arche péda (min.) P2,,
6,Arçons,GAM,B1,2,P1 P2 P3 P4 P5,P1 P2 P3 P4,4,5,2,14,3 arches | 6 à 8 éléments | 1 cercle | 1 élan,Utiliser 2 parties de cheval (1 élément sur chaque) | 1 élément arche péda P3 | (*) 3 cercles (min.) sur champignon | 1 élément élan P2 | (*) 1 élément P4 (hors arche champignon),,
6,Arçons,GAM,B2,3,P1 P2 P3 P4 P5,P2 P3 P4,4,5,2,15,3 arches (péda NON) | 8 à 10 éléments | 3 cercles enchainés | 1 élan | 1 sortie,(*) 1 élément des cercles sur 2 parties de cheval | 1 élément arche cercles transversaux | (*) 10 cercles (min.) sur champignon | 1 élément élan P3 | 1 sortie P2,,
6,Arçons,GAM,B3,4,P1 P2 P3 P4 P5,P3 P4 P5,4,5,2,15,4 arches (péda NON) | 8 à 10 éléments | 1 transversal | 1 élan | 1 sortie,1 élément arche cercle latéral P2 | (*) 2 transversaux enchainés | (*) enchainer au champignon 5 cercles + 1 élément AUTRE P4 (min.) | 1 élément élan P3 | 1 sortie P4,,
6,Arçons,GAM,C2,5,P2 P3 P4 P5 P6 P7,P4 P5 P6 P7,4,6,1,14,3 arches (péda NON) | 8 à 12 éléments | 3 éléments des cercles | 1 élan | 1 sortie,1 élément arche cercle latéral P4 | (*) 3 transversaux enchainés | 3 éléments P4 de champignon (en 1 passage) | 1 élément élan P4 | 1 élément arche cercles transversaux P3 | 1 sortie P4,,note 14 au lieu de 15
6,Arçons,GAM,C3,6,P3 P4 P5 P6 P7,P4 P5 P6 P7,4,6,2,15,3 arches (péda + champi NON) | 8 à 12 éléments | 1 transport transversal | 1 élan | 1 sortie,(*) 1 élément arche cercle latéral P5 | 1 élément arche cercles transversaux P3 | 1 élément P5 (min.) | 1 élément élan P5 (min.) | (*) 1 élément arche cercles transversaux P4 | 1 sortie P5,,
7,Anneaux,GAM,A1,1,PR P1 P2 P3,P1 P2,,,1,13,4 Arches | 6 à 10 éléments | 1 élément de la famille des maintiens | 1 élément P2,1 maintien P2 | 1 «suspension» P2 | (*) Enchainer 3 balancés complets | utilisation des sangles,,
7,Anneaux,GAM,B1,2,P1 P2 P3 P4 P5,P1 P2 P3 P4,4,5,2,14,4 Arches | 6 à 10 éléments | 1 dislocation | 1 élément P3,1 force P3 (min.) | 1 PR max dans tout l’enchaînement | (*) Enchainer 3 balancés complets | (*) 1 élément des ATR P2 (min.) | 1 sortie P2 (min.),,
7,Anneaux,GAM,B2,3,P1 P2 P3 P4 P5,P2 P3 P4,4,5,2,15,4 Arches | 7 à 10 éléments | 1 dislocation | 1 élément P4 | 1 sortie,(*) 1 maintien P3 (min.) | 1 établissement de la suspension à l’appui (min.) P3 | 2 dislocations de sens différents | (*) 1 élément des ATR P3 (min.) | 1 sortie P3 (min.),,
7,Anneaux,GAM,B3,4,P1 P2 P3 P4 P5,P3 P4 P5,4,5,2,15,4 Arches | 7 à 10 éléments | Enchainer 2 dislocations (même sens) | 1 élément P5 | 1 sortie,1 maintien P3 (min.) | 1 établissement de la suspension à l’appui P4 (min.) | 1 descente (lune / soleil) de l’ATR P3 (min.) | (*) 1 élément des ATR P4 (min.) | (*) 1 sortie P4 (min.),,
7,Anneaux,GAM,C2,5,P2 P3 P4 P5 P6 P7,P4 P5 P6 P7,4,6,2,15,4 Arches | 8 à 12 éléments | Exécuter une descente (lune ou soleil) | 1 élément P5 | 1 sortie,(*) 1 maintien P5 (min.) | 1 établissement de la suspension à l’appui P4 (min.) | (*) Enchainer directement 1 élément derrière 1 descente (lune / soleil) | 1 élément des ATR P5 (min.) | 1 élément P5 (min.) | 1 sortie P5 (min.),,
7,Anneaux,GAM,C3,6,P3 P4 P5 P6 P7,P4 P5 P6 P7,4,6,2,15,4 Arches | 8 à 12 éléments | 1 élément à l’ATR tenu | 1 élément P5 | 1 sortie,(*) 1 maintien P6 (min.) | 1 élément P6 (min.) | Enchainer directement 1 élément P4 derrière 1 descente (lune / soleil) | 1 élément P7 | (*) réaliser 1 grand tour | 1 sortie P6 (min.),,
8,Barres parallèles,GAM,A1,1,PR P1 P2 P3,P1 P2,,,1,13,4 Arches | 6 à 10 éléments | Appuis / Maintiens | 1 élément P2,Enchainer 2 balancés complets en suspension | (*) Enchainer 3 balancés complet en appui | Appuis / Maintiens P2 | 1 travail sur porte mains,,
8,Barres parallèles,GAM,B1,2,P1 P2 P3 P4 P5,P1 P2 P3 P4,4,5,2,14,4 Arches | 6 à 10 éléments | Enchainer la suspension à l’enchainement | 1 élément P3,(*) 1 élan en suspension P2 (min.) | Enchainer 3 balancés complet en appui | (*) Appuis / Maintiens P3 (min.) | 1 passage à l’ATR | 1 élément brachial,,
8,Barres parallèles,GAM,B2,3,P1 P2 P3 P4 P5,P2 P3 P4,4,5,2,15,4 Arches | 7 à 10 éléments | Passage à l’ATR tenu 2’’ | Un élément P4 | 1 sortie,1 élan en suspension P3 (min.) | (*) 1 montée en force à l’ATR | de l'ATR 1/2 tour avant à l'ATR | 1 brachial P3 (min.) | (*) 1 sortie avec salto P3 (min.),,
8,Barres parallèles,GAM,B3,4,P1 P2 P3 P4 P5,P3 P4 P5,4,5,2,15,4 Arches | 7 à 10 éléments | Passage à l'ATR avec rotation longitudinale | 1 élément P5 | 1 sortie avec salto,(*) 1 élan en suspension P4 (min.) | Elan sauté | 1 montée en force à l’ATR tenu | 1 élément P5 | (*) 1 sortie P4 (min.),,
8,Barres parallèles,GAM,C2,5,P2 P3 P4 P5 P6 P7,P4 P5 P6 P7,4,6,2,15,4 Arches | 8 à 12 éléments | Passage à l'ATR avec rotation longitudinale | 1 élément P6 | 1 sortie avec salto,(*) 1 élan en suspension P5 (min.) | 1 salto en appui P4 (min.) | (*) 1 élément en appui avec rotation longitudinale 360° | 1 élément P6 | Au moins 4 éléments P5 (min.) dans l'enchainement | 1 sortie P5 (min.),,
8,Barres parallèles,GAM,C3,6,P3 P4 P5 P6 P7,P4 P5 P6 P7,4,6,2,15,4 Arches | 8 à 12 éléments | Passage à l’ATR avec rotation longitudinale | 1 élément P7 | 1 sortie avec salto,(*) 1 élan en suspension P6 (min.) | 1 élément avant ou arrière en P6 (min.) | 1 élément en appui avec rotation longitudinale 360° | 1 élément P7 | Au moins 6 éléments P5 (min.) dans l’enchainement | (*) 1 sortie P6 (min.),,
9,Barre fixe,GAM,A1,1,PR P1 P2 P3,P1 P2,,,1,15,4 Arches | 6 à 8 éléments | Enchainer 5 balancés complets | 1 élément PR,Réaliser les 2 courbes PR | (*) 1 balancé à l’oblique haute | 1 rotation | 1 appui / élan | Sangles obligatoires,,note 15 au lieu de 13
9,Barre fixe,GAM,B1,2,P1 P2 P3 P4 P5,P1 P2 P3 P4,4,5,1,13,4 Arches | 6 à 8 éléments | Enchainer 5 balancés complets | 1 élément P2,"1 appui / élan PXX | Faire 3 balancés successifs orientés «shoot avant» | Faire 3 balancés successifs orientés ""shoot arrière"" | (*) 1 élément P2 (min.) | 1 rotation P1 (min.)",,note 13 au lieu de 14
9,Barre fixe,GAM,B2,3,P1 P2 P3 P4 P5,P2 P3 P4,4,5,2,15,4 Arches | 8 à 10 éléments | Exécuter un grand tour | Un élément P3 | changement de prise,(*) 1 grand tour | (*) 1 changement de face P3 (min.) | 1 élément P3 (min.) | 1 rotation P2 (min.) | Sortie P3 (min.),,
9,Barre fixe,GAM,B3,4,P1 P2 P3 P4 P5,P3 P4 P5,4,5,2,15,4 Arches | 8 à 10 éléments | Un lâché | 1 élément P4 | changement de prise,(*) 1 grand tour arrière avec rotation longitudinale 180° | 1 changement de face P4 (min.) | 1 élément P4 (min.) | (*) 1 rotation P4 (min.) | Sortie P4 (min.),,
9,Barre fixe,GAM,C2,5,P2 P3 P4 P5 P6 P7,P4 P5 P6 P7,4,6,2,15,4 Arches | 8 à 12 éléments | Un lâché | Un élément P5 | 1 sortie,(*) 1 grand tour avec rotation longitudinale 360° | Exécuter 1 lâché P6 | Exécuter 1 lâché | 1 élément P5 (min.) | 1 rotation P5 (min.) | (*) 1 sortie P5 (min.),,
9,Barre fixe,GAM,C3,6,P3 P4 P5 P6 P7,P4 P5 P6 P7,4,6,2,15,4 Arches | 8 à 12 éléments différents | Un lâché | 1 élément P6 | 1 sortie,1 grand tour avec rotation longitudinale 360° | (*) Exécuter 1 lâché P7 | Exécuter 1 lâché | (*) 1 élément P6 (min.) | 1 rotation P6 (min.) | 1 sortie P6 (min.),,
