page,agres,arche_numero,arche,famille,cote,palier,numero,variante,libelle,libelle_brut,x,y,rayon,controle
1,Barres asymétriques,19,BALANCÉS AVANT,,,NOMADE,22,,Franchissement écart. Saut écart par impulsion des mains par-dessus BI à la suspension BS,22 - Franchissement écart. Saut écart par impulsion des mains par-dessus BI à la suspension BS,1074.4,766.2,,
1,Barres asymétriques,19,BALANCÉS AVANT,,gauche,P2,26,,Du balancé avant 1/2 tour au dessus de 45°,26 - Du balancé avant 1/2 tour au dessus de 45°,470.4,549.0,152.7,
1,Barres asymétriques,19,BALANCÉS AVANT,,gauche,P5,137,,"Shoushounova Départ libre pieds/mains, filer ou suspension,","137 - Shoushounova Départ libre pieds/mains, filer ou suspension,",292.7,441.9,360.0,
1,Barres asymétriques,19,BALANCÉS AVANT,,gauche,P6,140,,Salto arrière entre les barres arrivée suspension BI (salto Pak),140 - Salto arrière entre les barres arrivée suspension BI (salto Pak),342.3,300.2,421.0,
1,Barres asymétriques,19,BALANCÉS AVANT,,gauche,P7,142,,"Shoushounova à l’ATR. Départ libre (pieds/mains, filer ou suspension), élan par-dessous BS avec 1/2 tour (180°) et envol par-dessus BI à l’ATR BI","142 - Shoushounova à l’ATR. Départ libre (pieds/mains, filer ou suspension), élan par-dessous BS avec 1/2 tour (180°) et envol par-dessus BI à l’ATR BI",189.6,373.8,483.5,
1,Barres asymétriques,19,BALANCÉS AVANT,,gauche,P7,143,,Gienger. Elancer en avant et salto arrière carpé ou tendu avec 1/2 tour,143 - Gienger. Elancer en avant et salto arrière carpé ou tendu avec 1/2 tour,331.3,225.7,488.5,
1,Barres asymétriques,19,BALANCÉS AVANT,,gauche,P2,117,,Balancé avant à l’horizontale,117 - Balancé avant à l’horizontale,588.0,490.2,146.8,famille incertaine
1,Barres asymétriques,19,BALANCÉS AVANT,,gauche,P3,44,,Grande culbute,44 - Grande culbute,589.5,423.7,213.2,famille incertaine
1,Barres asymétriques,19,BALANCÉS AVANT,,gauche,P5,124,,Grand tour en arrière 360°(Soleil),124 - Grand tour en arrière 360°(Soleil),586.1,291.6,345.3,famille incertaine
1,Barres asymétriques,19,BALANCÉS AVANT,,droite,P6,26,,Grand tour arrière 1/2 tour (180°) à l’ATR,26 - Grand tour arrière 1/2 tour (180°) à l’ATR,595.3,217.8,419.0,famille incertaine
1,Barres asymétriques,19,BALANCÉS AVANT,,gauche,P7,26,,Grand tour arrière,26 - Grand tour arrière,595.1,150.1,486.6,famille incertaine
1,Barres asymétriques,19,BALANCÉS AVANT,Sorties,droite,P3,26,,Elan vers l’avant et salto arrière groupé ou carpé,26 - Elan vers l’avant et salto arrière groupé ou carpé,791.7,548.3,215.4,
1,Barres asymétriques,19,BALANCÉS AVANT,Sorties,droite,P4,26,,Elan vers l’avant et salto arrière tendu,26 - Elan vers l’avant et salto arrière tendu,773.6,415.7,284.0,
1,Barres asymétriques,19,BALANCÉS AVANT,Sorties,droite,P5,26,,Sortie salto arrière tendu depuis le grand tour,26 - Sortie salto arrière tendu depuis le grand tour,821.3,365.2,353.3,
1,Barres asymétriques,19,BALANCÉS AVANT,Sorties,droite,P6,26,,Salto arrière avec 1 tour (360°),26 - Salto arrière avec 1 tour (360°),911.4,358.6,421.1,
1,Barres asymétriques,19,BALANCÉS AVANT,Sorties,droite,P7,26,,"Double salto arrière groupé, carpé ou tendu","26 - Double salto arrière groupé, carpé ou tendu",860.2,228.9,486.4,
1,Barres asymétriques,19,BALANCÉS AVANT,Sorties,droite,P7,26,,Salto arrière avec 3/2 tour ou +,26 - Salto arrière avec 3/2 tour ou +,958.4,322.9,480.0,
1,Barres asymétriques,19,BALANCÉS AVANT,,gauche,P1,6,new,Courbe avant statique,6 new - Courbe avant statique,585.0,633.4,10.8,
1,Barres asymétriques,19,BALANCÉS AVANT,,gauche,P4,8,new,Grande culbute à l’appui libre à l’horizontale,8 new - Grande culbute à l’appui libre à l’horizontale,586.1,357.9,279.0,famille incertaine
1,Barres asymétriques,19,BALANCÉS AVANT,,,PRÉ-REQUIS,5,new,Balancés avant BI jambes fléchies,5 new - Balancés avant BI jambes fléchies,95.6,763.6,,
1,Barres asymétriques,19,BALANCÉS AVANT,,,PRÉ-REQUIS,7,new,Balancé avant avec placement en position arrière par l’entraineur,7 new - Balancé avant avec placement en position arrière par l’entraineur,224.3,765.5,,
2,Barres asymétriques,20,BALANCÉS ARRIÈRE,,gauche,P5,26,,Voronin,26 - Voronin,304.5,441.7,350.2,
2,Barres asymétriques,20,BALANCÉS ARRIÈRE,,gauche,P7,26,,"Jaeger – Elancer en arrière et salto avant groupé, carpé, tendu ou écart à la suspension","26 - Jaeger – Elancer en arrière et salto avant groupé, carpé, tendu ou écart à la suspension",187.4,374.7,484.8,
2,Barres asymétriques,20,BALANCÉS ARRIÈRE,,gauche,P2,26,,Balancé arrière,26 - Balancé arrière,562.9,492.7,147.7,
2,Barres asymétriques,20,BALANCÉS ARRIÈRE,,gauche,P5,26,,Retrait. De la suspension passer écarté avec envol en arrière par-dessus BI à la suspension BI,26 - Retrait. De la suspension passer écarté avec envol en arrière par-dessus BI à la suspension BI,504.7,297.3,351.3,
2,Barres asymétriques,20,BALANCÉS ARRIÈRE,,gauche,P7,26,,Retrait à l’ATR. De la suspension passer écarté avec envol en arrière par-dessus BI à l’ATR BI,26 - Retrait à l’ATR. De la suspension passer écarté avec envol en arrière par-dessus BI à l’ATR BI,459.0,170.3,485.9,
2,Barres asymétriques,20,BALANCÉS ARRIÈRE,,droite,P3,26,,Grand rétablissement,26 - Grand rétablissement,753.8,496.9,211.4,
2,Barres asymétriques,20,BALANCÉS ARRIÈRE,,droite,P5,26,,Grand rétablissement à l’appui libre,26 - Grand rétablissement à l’appui libre,850.8,407.1,343.6,
2,Barres asymétriques,20,BALANCÉS ARRIÈRE,,,NOMADE,26,,"Salto avant groupé, carpé ou tendu ou avec 1/2 tour","26 - Salto avant groupé, carpé ou tendu ou avec 1/2 tour",1070.3,771.2,,
2,Barres asymétriques,20,BALANCÉS ARRIÈRE,,droite,P7,26,,"Lune, grand tour avant, avec ou sans 1/2 tour","26 - Lune, grand tour avant, avec ou sans 1/2 tour",744.0,179.0,481.4,
2,Barres asymétriques,20,BALANCÉS ARRIÈRE,,,PRÉ-REQUIS,13,,Balancés arrière BI jambes fléchies,13 - Balancés arrière BI jambes fléchies,92.7,767.3,,
2,Barres asymétriques,20,BALANCÉS ARRIÈRE,,gauche,P1,12,new,Courbe arrière statique,12 new - Courbe arrière statique,586.1,633.1,9.9,
2,Barres asymétriques,20,BALANCÉS ARRIÈRE,,droite,P2,14,new,De la suspension fermeture + filé,14 new - De la suspension fermeture + filé,642.1,496.3,148.1,
3,Barres asymétriques,21,VENIR À L’APPUI,,droite,P5,26,,Bascule faciale de l’appui libre,26 - Bascule faciale de l’appui libre,754.1,324.6,350.2,
3,Barres asymétriques,21,VENIR À L’APPUI,,gauche,P6,26,,1/2 tour bascule,26 - 1/2 tour bascule,209.3,477.7,417.4,
3,Barres asymétriques,21,VENIR À L’APPUI,,droite,P4,26,,Bascule,26 - Bascule,613.7,353.6,283.8,
3,Barres asymétriques,21,VENIR À L’APPUI,,droite,P4,26,,Bascule fixe,26 - Bascule fixe,728.0,389.1,281.0,
3,Barres asymétriques,21,VENIR À L’APPUI,,droite,P5,26,,Bascule coupée écart à la suspension même barre,26 - Bascule coupée écart à la suspension même barre,622.9,289.0,348.9,
3,Barres asymétriques,21,VENIR À L’APPUI,,droite,P4,26,,Bascule BS,26 - Bascule BS,832.0,485.3,281.0,
3,Barres asymétriques,21,VENIR À L’APPUI,,droite,P6,26,,"De l’appui facial, pose de pieds puis 3/4 de tour (270°) circulaire groupé, carpé ou écarté en avant BI","26 - De l’appui facial, pose de pieds puis 3/4 de tour (270°) circulaire groupé, carpé ou écarté en avant BI",932.0,382.2,422.1,
3,Barres asymétriques,21,VENIR À L’APPUI,,,NOMADE,9,,Entré en oscillation 1 jambe,9 - Entré en oscillation 1 jambe,743.9,769.9,,
3,Barres asymétriques,21,VENIR À L’APPUI,,,NOMADE,40,,Oscillation 1 jambe du siège,40 - Oscillation 1 jambe du siège,1068.1,769.9,,
3,Barres asymétriques,21,VENIR À L’APPUI,,,NOMADE,26,,Saut bascule,26 - Saut bascule,918.0,769.9,,
3,Barres asymétriques,21,VENIR À L’APPUI,,,PRÉ-REQUIS,1,new,Appui dynamique,1 new - Appui dynamique,87.5,769.9,,
3,Barres asymétriques,21,VENIR À L’APPUI,,droite,P3,3,new,Courir bascule,3 new - Courir bascule,646.8,427.0,216.1,
3,Barres asymétriques,21,VENIR À L’APPUI,,droite,P2,2,new,Balancé de bascule,2 new - Balancé de bascule,631.4,490.1,151.0,
3,Barres asymétriques,21,VENIR À L’APPUI,,gauche,P5,25,,"1/2 tour (180°) bascule. Mains sur BI, balancé avant, 1/2 tour (180°) et bascule","25 - 1/2 tour (180°) bascule. Mains sur BI, balancé avant, 1/2 tour (180°) et bascule",400.6,340.7,354.4,
4,Barres asymétriques,22,ÉLANS,,gauche,P2,26,,"De l’appui facial, pose des pieds jambes groupées","26 - De l’appui facial, pose des pieds jambes groupées",592.4,489.8,147.0,
4,Barres asymétriques,22,ÉLANS,,gauche,P1,70,,Prise d’élan corps aligné au-dessus de l’horizontale,70 - Prise d’élan corps aligné au-dessus de l’horizontale,589.2,627.1,11.4,
4,Barres asymétriques,22,ÉLANS,,droite,P4,26,,"De l’appui facial, pose des pieds jambes tendues serrées ou écartées","26 - De l’appui facial, pose des pieds jambes tendues serrées ou écartées",701.2,372.2,285.0,
4,Barres asymétriques,22,ÉLANS,,droite,P5,26,,Elan en arrière à l’ATR avec jambes écartées (corps carpé),26 - Elan en arrière à l’ATR avec jambes écartées (corps carpé),668.3,294.5,350.0,
4,Barres asymétriques,22,ÉLANS,,droite,P6,79,,Elan en arrière à l’ATR avec jambes écartées (corps carpé) avec 1/2 tour,79 - Elan en arrière à l’ATR avec jambes écartées (corps carpé) avec 1/2 tour,673.4,226.8,417.4,
4,Barres asymétriques,22,ÉLANS,,,NOMADE,64,,"Du siège latéral écarté BI ou BS, dégager la jambe par-dessus la barre pour arriver à l’appui facial","64 - Du siège latéral écarté BI ou BS, dégager la jambe par-dessus la barre pour arriver à l’appui facial",1051.1,763.6,,
4,Barres asymétriques,22,ÉLANS,,,NOMADE,62,,"De l’appui facial BI ou BS, passage d’1 jambe latéralement par coupé pour arriver","62 - De l’appui facial BI ou BS, passage d’1 jambe latéralement par coupé pour arriver",917.3,762.9,,
4,Barres asymétriques,22,ÉLANS,,gauche,P6,26,,Saut poisson jambes serrées par-dessus BI avec impulsion des mains à la suspensions BS,26 - Saut poisson jambes serrées par-dessus BI avec impulsion des mains à la suspensions BS,252.4,400.1,416.6,
4,Barres asymétriques,22,ÉLANS,,droite,P6,82,,Elan en arrière à l’ATR et 1/2 tour (180°) minimum,82 - Elan en arrière à l’ATR et 1/2 tour (180°) minimum,808.2,277.0,418.1,
4,Barres asymétriques,22,ÉLANS,,droite,P5,76,,Elan en arrière à l’ATR avec jambes serrées (corps tendu),76 - Elan en arrière à l’ATR avec jambes serrées (corps tendu),779.4,335.4,353.2,
4,Barres asymétriques,22,ÉLANS,,,PRÉ-REQUIS,26,,"Sortie par repoussé. De l’appui facial BI, élancer les jambes","26 - Sortie par repoussé. De l’appui facial BI, élancer les jambes",107.5,764.8,,
5,Barres asymétriques,23,ROTATIONS,,,PRÉ-REQUIS,26,,Roulade avant contrôlée,26 - Roulade avant contrôlée,114.4,773.5,,
5,Barres asymétriques,23,ROTATIONS,,gauche,P4,9,new,Tour avant libre (mains en supination),9 new - Tour avant libre (mains en supination),350.1,501.4,280.1,
5,Barres asymétriques,23,ROTATIONS,,gauche,P1,91,,Tour d’appui facial en arrière,91 - Tour d’appui facial en arrière,589.1,632.4,7.6,
5,Barres asymétriques,23,ROTATIONS,,gauche,P6,103,,Passement filé. Tour d’appui arrière libre à l’ATR,103 - Passement filé. Tour d’appui arrière libre à l’ATR,501.3,231.2,416.3,
5,Barres asymétriques,23,ROTATIONS,,gauche,P7,11,new,Shaposhnikova,11 new - Shaposhnikova,586.2,152.0,484.8,famille incertaine
5,Barres asymétriques,23,ROTATIONS,,gauche,P4,100,,Tour d’appui arrière libre à l’appui libre au-dessus de l’horizontale,100 - Tour d’appui arrière libre à l’appui libre au-dessus de l’horizontale,523.3,362.5,283.6,
5,Barres asymétriques,23,ROTATIONS,,gauche,P6,107,,Stälder à l’ATR. Elan circulaire facial jambes écartées en arrière BI ou BS à l’ATR,107 - Stälder à l’ATR. Elan circulaire facial jambes écartées en arrière BI ou BS à l’ATR,377.9,281.8,416.2,
5,Barres asymétriques,23,ROTATIONS,Sorties,droite,P4,10,new,Elan circulaire groupé en avant (mains en supination),10 new - Elan circulaire groupé en avant (mains en supination),754.1,405.1,280.9,
5,Barres asymétriques,23,ROTATIONS,Sorties,droite,P6,106,,Elan circulaire carpé ou groupé en arrière à l’ATR,106 - Elan circulaire carpé ou groupé en arrière à l’ATR,708.9,237.1,415.5,
5,Barres asymétriques,23,ROTATIONS,,,NOMADE,94,,Tour d’appui facial en avant BI ou BS à l’appui jambes tendues,94 - Tour d’appui facial en avant BI ou BS à l’appui jambes tendues,691.2,775.2,,
5,Barres asymétriques,23,ROTATIONS,,,NOMADE,118,,Pieds/mains 1/2 tour ou filé 1/2 tour (180°) BI ou BS,118 - Pieds/mains 1/2 tour ou filé 1/2 tour (180°) BI ou BS,823.7,774.9,,
5,Barres asymétriques,23,ROTATIONS,,,PRÉ-REQUIS,8,,Traction et renversement arrière pour s’établir à l’appui facial BI (double tremplin interdit -,8 - Traction et renversement arrière pour s’établir à l’appui facial BI (double tremplin interdit -,561.8,776.2,,
5,Barres asymétriques,23,ROTATIONS,,,PRÉ-REQUIS,4,,"De la station faciale, mains BI, s’établir à l’appui facial par renversement arrière (mains en pronation)","4 - De la station faciale, mains BI, s’établir à l’appui facial par renversement arrière (mains en pronation)",428.2,775.5,,
5,Barres asymétriques,23,ROTATIONS,,,NOMADE,26,,"Départ libre, sortie pieds mains ou filée salto avant","26 - Départ libre, sortie pieds mains ou filée salto avant",951.6,777.1,,
5,Barres asymétriques,23,ROTATIONS,,,NOMADE,26,,Pieds/mains filée salto avant avec demi-tour,26 - Pieds/mains filée salto avant avec demi-tour,1079.5,774.9,,
5,Barres asymétriques,23,ROTATIONS,Sorties,droite,P5,4,new,"Du filé ou du pieds-mains, élan par-dessous BI, contre mouvement avec envol arrivée à la suspension avant la verticale de la barre","4 new - Du filé ou du pieds-mains, élan par-dessous BI, contre mouvement avec envol arrivée à la suspension avant la verticale de la barre",863.3,411.3,350.3,
5,Barres asymétriques,23,ROTATIONS,Sorties,droite,P2,26,,"De l’appui facial, sortie filée BI ou BS","26 - De l’appui facial, sortie filée BI ou BS",741.9,594.6,152.6,
5,Barres asymétriques,23,ROTATIONS,Sorties,droite,P3,26,,"De l’appui facial, sortie filée 1/2 tour(180°) BI ou BS","26 - De l’appui facial, sortie filée 1/2 tour(180°) BI ou BS",801.4,581.3,213.5,
5,Barres asymétriques,23,ROTATIONS,Sorties,droite,P2,121,,Depuis un élément codifié de l’appui facial BS filé avant à la suspension,121 - Depuis un élément codifié de l’appui facial BS filé avant à la suspension,695.2,520.0,153.7,
