page,agres,arche_numero,arche,famille,cote,palier,numero,variante,marque,libelle,libelle_brut,x,y,rayon,controle
1,Sol,65,ACROS 1 / Avant et arrière,En avant,gauche,P2,103,,,"Départ libre, ATR et roulade avant bras tendus, arrivée sur 1 ou 2 pieds","103 - Départ libre, ATR et roulade avant bras tendus, arrivée sur 1 ou 2 pieds",453.9,575.3,154.8,
1,Sol,65,ACROS 1 / Avant et arrière,En avant,gauche,P2,97,,,"Départ libre, roulade avant avec appui des mains et bras tendus, arrivée sur 1 ou 2 pieds","97 - Départ libre, roulade avant avec appui des mains et bras tendus, arrivée sur 1 ou 2 pieds",538.3,498.7,150.0,
1,Sol,65,ACROS 1 / Avant et arrière,En arrière,droite,P2,99,,,"Départ libre, roulade arrière avec appui des mains, arrivée sur les pieds jambes fléchies","99 - Départ libre, roulade arrière avec appui des mains, arrivée sur les pieds jambes fléchies",737.4,574.6,154.8,
1,Sol,65,ACROS 1 / Avant et arrière,En arrière,droite,P3,104,,,Roulade arrière jambes tendues et serrées,104 - Roulade arrière jambes tendues et serrées,776.0,516.5,216.8,
1,Sol,65,ACROS 1 / Avant et arrière,En arrière,droite,P4,169,,,Salto arrière corps groupé ou carpé,169 - Salto arrière corps groupé ou carpé,819.3,461.5,284.2,
1,Sol,65,ACROS 1 / Avant et arrière,En arrière,droite,P4,106,,,"Départ libre, roulade arrière à l’ATR bras tendus, retour libre","106 - Départ libre, roulade arrière à l’ATR bras tendus, retour libre",873.3,575.1,284.3,
1,Sol,65,ACROS 1 / Avant et arrière,En arrière,droite,P3,82,new,,Roulade arrière arrivée appuis facial,82 new - Roulade arrière arrivée appuis facial,808.2,597.0,216.1,
1,Sol,65,ACROS 1 / Avant et arrière,En arrière,droite,P5,109,,,"Départ libre, roulade arrière à l’ATR bras tendus 1/2 tour (180°), retour libre","109 - Départ libre, roulade arrière à l’ATR bras tendus 1/2 tour (180°), retour libre",937.1,560.8,349.7,
1,Sol,65,ACROS 1 / Avant et arrière,En arrière,droite,P6,112,,,"Départ libre, roulade arrière à l’ATR bras tendus et 1 tour (360°), retour libre","112 - Départ libre, roulade arrière à l’ATR bras tendus et 1 tour (360°), retour libre",1003.7,546.1,417.9,
1,Sol,65,ACROS 1 / Avant et arrière,En arrière,droite,P5,172,,,Salto arriére corps tendu,172 - Salto arriére corps tendu,711.7,310.9,346.2,
1,Sol,65,ACROS 1 / Avant et arrière,En arrière,droite,P6,178,,,"Salto arrière corps groupé , carpé, tendu, avec 1/2 tour (180°)","178 - Salto arrière corps groupé , carpé, tendu, avec 1/2 tour (180°)",675.1,231.5,413.4,
1,Sol,65,ACROS 1 / Avant et arrière,En arrière,droite,P7,184,,,"Salto arrière corps groupé, carpé, tendu, avec 1 tour 1/2 (540°)","184 - Salto arrière corps groupé, carpé, tendu, avec 1 tour 1/2 (540°)",653.0,158.4,482.2,
1,Sol,65,ACROS 1 / Avant et arrière,En arrière,droite,P7,188,,,Salto arrière avec 2/1 tours ou plus,188 - Salto arrière avec 2/1 tours ou plus,775.1,188.9,482.8,
1,Sol,65,ACROS 1 / Avant et arrière,En arrière,droite,P6,179,,,"Salto arrière corps groupé, carpé, tendu, avec 1 tour (360°)","179 - Salto arrière corps groupé, carpé, tendu, avec 1 tour (360°)",790.6,274.1,412.1,
1,Sol,65,ACROS 1 / Avant et arrière,En avant,gauche,P6,180,,,Salto avant corps tendu ou avec 1/2 tour (180°),180 - Salto avant corps tendu ou avec 1/2 tour (180°),485.0,233.5,418.6,
1,Sol,65,ACROS 1 / Avant et arrière,En avant,gauche,P7,180+,,,Salto avant corps tendu ou avec 1/2 tour (180°),180+ - Salto avant corps tendu ou avec 1/2 tour (180°),322.1,236.7,485.1,
1,Sol,65,ACROS 1 / Avant et arrière,En avant,gauche,P5,174,,,Salto avant avec demi-tour,174 - Salto avant avec demi-tour,396.1,352.8,347.5,
1,Sol,65,ACROS 1 / Avant et arrière,En avant,gauche,P5,173,,,Salto avant réception pieds décalés,173 - Salto avant réception pieds décalés,306.0,438.1,351.6,
1,Sol,65,ACROS 1 / Avant et arrière,En avant,gauche,P4,170+,,,Salto avant corps groupé ou carpé,170+ - Salto avant corps groupé ou carpé,394.5,441.9,280.5,
1,Sol,65,ACROS 1 / Avant et arrière,En avant,gauche,P3,170,,,Salto avant corps groupé ou carpé,170 - Salto avant corps groupé ou carpé,437.1,492.1,215.0,
1,Sol,65,ACROS 1 / Avant et arrière,En avant,gauche,P7,185,,,"Salto avant. corps groupé, carpé, tendu avec 1 tour (360°)","185 - Salto avant. corps groupé, carpé, tendu avec 1 tour (360°)",524.8,158.9,483.5,
1,Sol,65,ACROS 1 / Avant et arrière,En avant,gauche,P3,61,,,Saut de poisson,61 - Saut de poisson,529.6,432.9,214.7,
1,Sol,65,ACROS 1 / Avant et arrière,En avant,gauche,P7,80,,,Double salto avant ou avec demi-tour ou +,80 - Double salto avant ou avec demi-tour ou +,235.3,307.0,488.8,
1,Sol,65,ACROS 1 / Avant et arrière,En avant,gauche,P7,78,,,Tous salti avant avec 3/2 tours ou +,78 - Tous salti avant avec 3/2 tours ou +,412.7,189.4,483.8,
1,Sol,65,ACROS 1 / Avant et arrière,En arrière,droite,P6,105,,,Double salto arrière groupé,105 - Double salto arrière groupé,893.3,343.7,417.9,
1,Sol,65,ACROS 1 / Avant et arrière,En arrière,droite,P6,101,,,Tous salti arrière au grand écart,101 - Tous salti arrière au grand écart,958.0,438.0,413.3,
1,Sol,65,ACROS 1 / Avant et arrière,,,NOMADE,181,,,"Twist. Appel en arrière avec 1/2 tour (180°) et salto avant, réception libre","181 - Twist. Appel en arrière avec 1/2 tour (180°) et salto avant, réception libre",1085.2,800.9,,
1,Sol,65,ACROS 1 / Avant et arrière,,,NOMADE,66,,,Salto latéral jambes tendues écartées,66 - Salto latéral jambes tendues écartées,1078.9,736.2,,
1,Sol,65,ACROS 1 / Avant et arrière,,,NOMADE,58,,,Saut en arrière avec 1/2 tour et saut de poisson,58 - Saut en arrière avec 1/2 tour et saut de poisson,829.4,736.2,,
1,Sol,65,ACROS 1 / Avant et arrière,,,NOMADE,52,,,Roulade avant élevée,52 - Roulade avant élevée,713.7,736.2,,
1,Sol,65,ACROS 1 / Avant et arrière,,,NOMADE,70,,,Saut en arrière avec 1/2 tour et salto avant tendu,70 - Saut en arrière avec 1/2 tour et salto avant tendu,807.6,804.1,,
1,Sol,65,ACROS 1 / Avant et arrière,,,NOMADE,74,,,Saut de poisson avec 1/1 tour,74 - Saut de poisson avec 1/1 tour,955.1,804.1,,
1,Sol,65,ACROS 1 / Avant et arrière,,,NOMADE,64,,,Salto latéral jambes groupées écartées,64 - Salto latéral jambes groupées écartées,954.3,736.2,,
1,Sol,65,ACROS 1 / Avant et arrière,,gauche,P1,70,new,,Chandelle tenue 2’’,70 new - Chandelle tenue 2’’,592.4,633.4,5.1,
1,Sol,65,ACROS 1 / Avant et arrière,En arrière,droite,P7,189,,26,Double salto arrière carpé,189 26 - Double salto arrière carpé,943.9,301.8,483.4,
2,Sol,66,ACROS 2 / Avant et arrière,En avant,gauche,P3,148,,,Rondade,148 - Rondade,394.8,566.9,215.5,
2,Sol,66,ACROS 2 / Avant et arrière,En avant,gauche,P2,146,,,Roue : renversement latéral sans envol arrivée 1 ou 2 pieds,146 - Roue : renversement latéral sans envol arrivée 1 ou 2 pieds,459.4,584.1,148.9,
2,Sol,66,ACROS 2 / Avant et arrière,En avant,gauche,P4,148+,,,Rondade,148+ - Rondade,331.6,546.1,282.0,
2,Sol,66,ACROS 2 / Avant et arrière,En arrière,droite,P2,149,,,Souplesse arrière. Renversement arrière sans envol,149 - Souplesse arrière. Renversement arrière sans envol,741.9,582.6,153.2,
2,Sol,66,ACROS 2 / Avant et arrière,En arrière,droite,P3,152,,,Tic-Tac. Renversement avant-arrière sans envol,152 - Tic-Tac. Renversement avant-arrière sans envol,755.8,485.6,218.0,
2,Sol,66,ACROS 2 / Avant et arrière,En arrière,droite,P3,155,,,Flic-Flac. Renversement arrière avec envol départ et réception libre,155 - Flic-Flac. Renversement arrière avec envol départ et réception libre,809.3,579.2,218.4,
2,Sol,66,ACROS 2 / Avant et arrière,En arrière,droite,P4,155+,,,Flic-Flac. Renversement arrière avec envol départ et réception libre,155+ - Flic-Flac. Renversement arrière avec envol départ et réception libre,869.9,546.9,285.7,
2,Sol,66,ACROS 2 / Avant et arrière,En arrière,droite,P3,153,,,Saut de mains 1 pied. Renversement avant avec envol appel 1 pied,153 - Saut de mains 1 pied. Renversement avant avec envol appel 1 pied,663.7,423.6,222.9,
2,Sol,66,ACROS 2 / Avant et arrière,En arrière,droite,P2,151,,,Souplesse avant. enversement avant sans envol,151 - Souplesse avant. enversement avant sans envol,638.6,492.2,150.0,
2,Sol,66,ACROS 2 / Avant et arrière,En avant,gauche,P3,154,,,Saut de mains 2 pieds Renversement avant avec envol appel 1 pied,154 - Saut de mains 2 pieds Renversement avant avec envol appel 1 pied,541.0,422.0,222.4,
2,Sol,66,ACROS 2 / Avant et arrière,En avant,gauche,P4,154+,,,Saut de mains 2 pieds Renversement avant avec envol appel 1 pied,154+ - Saut de mains 2 pieds Renversement avant avec envol appel 1 pied,528.9,358.4,287.0,
2,Sol,66,ACROS 2 / Avant et arrière,En avant,gauche,P5,158,,,Flic-Flac avant Renversement avant avec envol appel 2 pieds,158 - Flic-Flac avant Renversement avant avec envol appel 2 pieds,370.5,361.9,357.2,
2,Sol,66,ACROS 2 / Avant et arrière,En avant,gauche,P6,158+,,,Flic-Flac avant Renversement avant avec envol appel 2 pieds,158+ - Flic-Flac avant Renversement avant avec envol appel 2 pieds,317.6,319.7,423.7,
2,Sol,66,ACROS 2 / Avant et arrière,En avant,gauche,P5,177,,,Salto costal. Renversement latéral libre,177 - Salto costal. Renversement latéral libre,271.1,517.7,348.5,
2,Sol,66,ACROS 2 / Avant et arrière,En arrière,droite,P5,175,,,Salto tempo. Renversement arrière libre,175 - Salto tempo. Renversement arrière libre,928.6,514.6,351.8,
2,Sol,66,ACROS 2 / Avant et arrière,En arrière,droite,P5,182,,,Salto facial. Renversement avant libre,182 - Salto facial. Renversement avant libre,683.6,293.0,354.1,
2,Sol,66,ACROS 2 / Avant et arrière,,,PRÉ-REQUIS,84,,,Station en écart avec appui des mains devant la jambe d’appui (angle d’écart 180°) tenue 2“,84 - Station en écart avec appui des mains devant la jambe d’appui (angle d’écart 180°) tenue 2“,121.9,760.7,,
2,Sol,66,ACROS 2 / Avant et arrière,,,PRÉ-REQUIS,68,new,,Sursaut fente,68 new - Sursaut fente,235.0,756.0,,
2,Sol,66,ACROS 2 / Avant et arrière,,,NOMADE,159,,,Souplesse arrière valse. Renversement arrière sans envol avec 1 tour et plus (360° et plus) retour libre,159 - Souplesse arrière valse. Renversement arrière sans envol avec 1 tour et plus (360° et plus) retour libre,1083.6,763.6,,
2,Sol,66,ACROS 2 / Avant et arrière,,,NOMADE,47,,,"Menichelli station couché dorsal, une jambe fléchie, renversement arrière à l’appui","47 - Menichelli station couché dorsal, une jambe fléchie, renversement arrière à l’appui",805.5,757.9,,
2,Sol,66,ACROS 2 / Avant et arrière,,,NOMADE,135,,,Saut par renversement arrière à l’appui couché ou facial,135 - Saut par renversement arrière à l’appui couché ou facial,938.3,758.7,,
2,Sol,66,ACROS 2 / Avant et arrière,,gauche,P1,8,,,Départ fente ATR ATR ou ATR écart,8 - Départ fente ATR ATR ou ATR écart,591.5,629.2,10.4,
3,Sol,67,ATR FORCE,,gauche,P1,121,,,"Départ accroupi ou à genoux, placement de dos, retour libre","121 - Départ accroupi ou à genoux, placement de dos, retour libre",593.6,633.5,4.4,
3,Sol,67,ATR FORCE,Force,gauche,P3,127,,,"Départ accroupi ou à genoux, placement de dos à l’ATR jambes serrées et tendues, retour libre","127 - Départ accroupi ou à genoux, placement de dos à l’ATR jambes serrées et tendues, retour libre",507.4,436.0,219.9,
3,Sol,67,ATR FORCE,Force,gauche,P2,124,,,"Départ accroupi ou à genoux, placement de dos à l’ATR jambes groupées","124 - Départ accroupi ou à genoux, placement de dos à l’ATR jambes groupées",532.0,497.4,153.8,
3,Sol,67,ATR FORCE,,droite,P4,126bis,,,"ATR 1/2 tour, ATR tenu 2’’","126bis - ATR 1/2 tour, ATR tenu 2’’",705.9,370.5,288.6,
3,Sol,67,ATR FORCE,,droite,P3,126,,,ATR 1/2 valse,126 - ATR 1/2 valse,677.1,430.5,222.2,
3,Sol,67,ATR FORCE,,droite,P6,130,,,"Départ libre, ATR 1 tour et demi (540°), retour libre","130 - Départ libre, ATR 1 tour et demi (540°), retour libre",752.6,244.8,422.6,
3,Sol,67,ATR FORCE,,droite,P5,128,,,"Départ libre, ATR 1 tour (360°), retour libre","128 - Départ libre, ATR 1 tour (360°), retour libre",783.4,337.1,354.0,
3,Sol,67,ATR FORCE,,,PRÉ-REQUIS,84,,,Station en écart avec appui des mains devant la jambe d’appui (angle d’écart 180°) tenue 2“,84 - Station en écart avec appui des mains devant la jambe d’appui (angle d’écart 180°) tenue 2“,336.3,756.2,,
3,Sol,67,ATR FORCE,,,PRÉ-REQUIS,83,new,,Placement dos demi-pointes,83 new - Placement dos demi-pointes,219.6,751.5,,
3,Sol,67,ATR FORCE,,,PRÉ-REQUIS,122,,,"Départ en fente, ATR 1 jambe, retour libre","122 - Départ en fente, ATR 1 jambe, retour libre",453.0,758.2,,
3,Sol,67,ATR FORCE,,droite,P2,2,,,Départ fente ATR retour fente tenu 2’’,2 - Départ fente ATR retour fente tenu 2’’,654.4,495.2,153.7,
3,Sol,67,ATR FORCE,,droite,P5,12,,,Healy,12 - Healy,663.9,289.0,354.8,
3,Sol,67,ATR FORCE,,droite,P5,15,,,"De l’ATR descendre à l’équerre écartée ou serrée, tenue 2 “","15 - De l’ATR descendre à l’équerre écartée ou serrée, tenue 2 “",882.1,445.9,344.3,
3,Sol,67,ATR FORCE,Force,gauche,P5,16,,,De la station jambes écartées monter en force jambes écartées à l’ATR,16 - De la station jambes écartées monter en force jambes écartées à l’ATR,448.6,314.5,354.8,
3,Sol,67,ATR FORCE,Force,gauche,P4,84,new,,"Equerre, dégager jambes","84 new - Equerre, dégager jambes",469.2,380.7,286.1,
3,Sol,67,ATR FORCE,Force,gauche,P6,23,,,"Monter à l’ATR tenu 2“ du grand écart, de l’équerre…","23 - Monter à l’ATR tenu 2“ du grand écart, de l’équerre…",423.7,260.0,414.7,
3,Sol,67,ATR FORCE,Force,gauche,P7,31,,,"De l’équerre verticale tenu 2”, s’élever à l’ATR tenu 2”","31 - De l’équerre verticale tenu 2”, s’élever à l’ATR tenu 2”",457.2,165.7,491.6,
3,Sol,67,ATR FORCE,Force,gauche,P7,29,,,Rouler carpé à l’ATR tenu 2“,29 - Rouler carpé à l’ATR tenu 2“,332.5,223.7,490.3,
3,Sol,67,ATR FORCE,,,PRÉ-REQUIS,9,,,"Toute balance (planche) sans les mains, tenue 2“","9 - Toute balance (planche) sans les mains, tenue 2“",110.8,755.4,,
4,Sol,68,CERCLES,,gauche,P1,131,,,Cercle des jambes 360°,131 - Cercle des jambes 360°,592.1,634.3,4.8,
4,Sol,68,CERCLES,,gauche,P2,139,,,Cercle des jambes serrées ou écartées (540° ou +),139 - Cercle des jambes serrées ou écartées (540° ou +),594.9,491.4,145.8,
4,Sol,68,CERCLES,,droite,P3,137,,,Variante de breakdanc,137 - Variante de breakdanc,749.4,477.3,221.7,
4,Sol,68,CERCLES,,droite,P4,142,,,Cercle des jambes écartées avec 1/2 pivot (sens inverse du cercle),142 - Cercle des jambes écartées avec 1/2 pivot (sens inverse du cercle),680.4,358.7,291.0,
4,Sol,68,CERCLES,,gauche,P5,154,,,Cercle des jambes serrées ou écartées à l’ATR,154 - Cercle des jambes serrées ou écartées à l’ATR,469.5,309.4,351.3,
4,Sol,68,CERCLES,,droite,P5,157,,,Cercle des jambes écartées avec 1/1 pivot,157 - Cercle des jambes écartées avec 1/1 pivot,663.6,281.5,362.1,
4,Sol,68,CERCLES,,gauche,P6,160,,,Gogoladze cercle des jambes avec 1/1 tour à l’ATR et s’abaisser en cercle des jambes,160 - Gogoladze cercle des jambes avec 1/1 tour à l’ATR et s’abaisser en cercle des jambes,444.6,241.4,423.7,
4,Sol,68,CERCLES,,gauche,P4,159,,,Facial russe 360° ou 540°,159 - Facial russe 360° ou 540°,344.4,479.4,296.9,
4,Sol,68,CERCLES,,gauche,P5,163,,,Facial russe 720° ou plus,163 - Facial russe 720° ou plus,277.4,461.3,363.8,
5,Sol,69,MAINTIEN ET SOUPLESSE,Souplesse,droite,P4,11,,,Y Ecart à 135° minimum (pas de règle d’angle),11 - Y Ecart à 135° minimum (pas de règle d’angle),807.0,442.3,287.3,
5,Sol,69,MAINTIEN ET SOUPLESSE,Souplesse,droite,P5,20,,,Appui facial horizontal jambes écartées tenu 2”,20 - Appui facial horizontal jambes écartées tenu 2”,719.9,294.8,364.1,
5,Sol,69,MAINTIEN ET SOUPLESSE,Maintien,gauche,P5,24,,,S’abaisser ou élan à la croix renversée tenue 2”,24 - S’abaisser ou élan à la croix renversée tenue 2”,312.7,436.0,347.3,
5,Sol,69,MAINTIEN ET SOUPLESSE,,gauche,P7,33,,,Manna équerre jambes à l’horizontal tenue 2“,33 - Manna équerre jambes à l’horizontal tenue 2“,591.6,137.1,500.1,famille incertaine
5,Sol,69,MAINTIEN ET SOUPLESSE,Souplesse,droite,P7,34,,,Hirondelle tenue 2“,34 - Hirondelle tenue 2“,778.3,171.7,499.9,
5,Sol,69,MAINTIEN ET SOUPLESSE,Souplesse,droite,P6,27,,,Appui facial horizontal jambes serrées tenu 2”,27 - Appui facial horizontal jambes serrées tenu 2”,746.9,233.8,430.7,
5,Sol,69,MAINTIEN ET SOUPLESSE,,gauche,P6,25,,,Equerre jambes verticales tenue 2”,25 - Equerre jambes verticales tenue 2”,591.9,205.0,432.2,famille incertaine
5,Sol,69,MAINTIEN ET SOUPLESSE,Maintien,gauche,P6,32,,,S’élever lentement à la croix renversée tenue 2”,32 - S’élever lentement à la croix renversée tenue 2”,250.2,384.7,428.0,
5,Sol,69,MAINTIEN ET SOUPLESSE,Souplesse,droite,P2,37,,,"Écrasement facial tenu 2“ en position assise, fermeture tronc-jambes","37 - Écrasement facial tenu 2“ en position assise, fermeture tronc-jambes",758.1,585.8,170.2,
5,Sol,69,MAINTIEN ET SOUPLESSE,Souplesse,droite,P3,40,,,"Pont tenu 2 sec. (épaules au-dessus des mains,","40 - Pont tenu 2 sec. (épaules au-dessus des mains,",813.2,571.1,227.1,
5,Sol,69,MAINTIEN ET SOUPLESSE,,gauche,P4,81,,,Equerre écartée jambes tendues tenue 2“,81 - Equerre écartée jambes tendues tenue 2“,589.7,345.5,291.7,famille incertaine
5,Sol,69,MAINTIEN ET SOUPLESSE,Souplesse,droite,P2,73,,,Grand écart anté-postérieur tenu 2“,73 - Grand écart anté-postérieur tenu 2“,719.2,532.6,161.7,
5,Sol,69,MAINTIEN ET SOUPLESSE,Souplesse,droite,P3,78,,,Grand écart facial tenu 2“,78 - Grand écart facial tenu 2“,766.7,483.4,229.9,
6,Sol,70,PIVOTS,,gauche,P1,4,,,"1/2 tour (180°) sur 1 jambe et sur 1/2 pointes, position de la jambe libre indifférente","4 - 1/2 tour (180°) sur 1 jambe et sur 1/2 pointes, position de la jambe libre indifférente",584.8,628.3,14.2,
6,Sol,70,PIVOTS,,droite,P4,10,,,"Pirouette 1 tour 1/2 (540°) sur 1 jambe et sur 1/2 pointes, position de la jambe libre indifférente","10 - Pirouette 1 tour 1/2 (540°) sur 1 jambe et sur 1/2 pointes, position de la jambe libre indifférente",651.3,353.0,289.5,
6,Sol,70,PIVOTS,,droite,P3,9,,,"Pirouette 1 tour (360°) sur 1 jambe et sur 1/2 pointes, position de la jambe libre indifférente","9 - Pirouette 1 tour (360°) sur 1 jambe et sur 1/2 pointes, position de la jambe libre indifférente",639.2,419.7,221.8,
6,Sol,70,PIVOTS,,droite,P2,86,new,,Demi pivot + détourné,86 new - Demi pivot + détourné,623.1,487.9,151.7,
6,Sol,70,PIVOTS,,gauche,P3,14,,,"Pirouette 1/2 tour (180°) sur 1 jambe et sur 1/2 pointes, pied dans la main","14 - Pirouette 1/2 tour (180°) sur 1 jambe et sur 1/2 pointes, pied dans la main",545.7,419.3,223.5,
6,Sol,70,PIVOTS,,droite,P5,13,,,"Pirouette 2 tours (720°) sur 1 jambe et sur 1/2 pointes, position de la jambe libre indifférente","13 - Pirouette 2 tours (720°) sur 1 jambe et sur 1/2 pointes, position de la jambe libre indifférente",661.4,286.4,356.8,
6,Sol,70,PIVOTS,,gauche,P4,17,,,"Pirouette 1 tour (360°) sur 1 jambe et sur 1/2 pointes, position de la jambe libre au-dessus de l’horizontale,","17 - Pirouette 1 tour (360°) sur 1 jambe et sur 1/2 pointes, position de la jambe libre au-dessus de l’horizontale,",389.6,432.9,290.3,
6,Sol,70,PIVOTS,,gauche,P4,18,,,"Pirouette 1 tour (360°) sur 1 jambe et sur 1/2 pointes, pied dans la main (écart de jambes à 180°)","18 - Pirouette 1 tour (360°) sur 1 jambe et sur 1/2 pointes, pied dans la main (écart de jambes à 180°)",538.7,355.6,287.4,
6,Sol,70,PIVOTS,,droite,P4,19,,,Pirouette accroupie 1 tour (360°) sur 1 jambe et sur 1/2 pointes,19 - Pirouette accroupie 1 tour (360°) sur 1 jambe et sur 1/2 pointes,800.1,431.7,289.7,
6,Sol,70,PIVOTS,,droite,P6,22,,,"Pirouette 3 tours (1 080°) sur 1 jambe et sur 1/2 pointes, position de la jambe libre indifférente","22 - Pirouette 3 tours (1 080°) sur 1 jambe et sur 1/2 pointes, position de la jambe libre indifférente",676.7,220.5,424.4,
6,Sol,70,PIVOTS,,gauche,P7,23,,,"Pirouette 2 tours (720°) sur 1 jambe et sur 1/2 pointes,position de la jambe libre au-dessus","23 - Pirouette 2 tours (720°) sur 1 jambe et sur 1/2 pointes,position de la jambe libre au-dessus",266.2,268.5,494.6,
6,Sol,70,PIVOTS,,,PRÉ-REQUIS,85,new,,Détourné,85 new - Détourné,111.0,752.4,,
7,Sol,71,SAUTS GYMNIQUES APPEL 2 PIEDS,,gauche,P3,37,,,Saut antéro-postérieur à 180° appel et réception des 2 pieds,37 - Saut antéro-postérieur à 180° appel et réception des 2 pieds,426.5,503.7,215.6,
7,Sol,71,SAUTS GYMNIQUES APPEL 2 PIEDS,,gauche,P4,41,,,Sissonne,41 - Sissonne,320.7,561.2,285.4,
7,Sol,71,SAUTS GYMNIQUES APPEL 2 PIEDS,,gauche,P3,69,new,,Saut biche 2 pieds,69 new - Saut biche 2 pieds,384.8,587.6,216.8,
7,Sol,71,SAUTS GYMNIQUES APPEL 2 PIEDS,,gauche,P4,49,,,Saut antéro-postérieur à 180° avec 1/2 tour,49 - Saut antéro-postérieur à 180° avec 1/2 tour,371.8,468.6,280.4,
7,Sol,71,SAUTS GYMNIQUES APPEL 2 PIEDS,,gauche,P5,48,,,"Sissonne pied tête. Saut cambré 1 jambe tendue,","48 - Sissonne pied tête. Saut cambré 1 jambe tendue,",252.4,539.5,357.1,
7,Sol,71,SAUTS GYMNIQUES APPEL 2 PIEDS,,gauche,P6,68,,,Saut de mouton,68 - Saut de mouton,191.2,518.3,421.7,
7,Sol,71,SAUTS GYMNIQUES APPEL 2 PIEDS,,gauche,P5,69,,,Saut antéro-postérieur à 180° avec 1/1 tour,69 - Saut antéro-postérieur à 180° avec 1/1 tour,322.9,422.2,347.4,
7,Sol,71,SAUTS GYMNIQUES APPEL 2 PIEDS,,gauche,P4,34,,,Saut avec 1 tour en l’air (360°) appel des 2 pieds,34 - Saut avec 1 tour en l’air (360°) appel des 2 pieds,506.3,368.9,282.9,
7,Sol,71,SAUTS GYMNIQUES APPEL 2 PIEDS,,gauche,P5,43,,,Saut extension avec 3/2 tour (540°),43 - Saut extension avec 3/2 tour (540°),481.2,307.7,348.9,
7,Sol,71,SAUTS GYMNIQUES APPEL 2 PIEDS,,droite,P4,44,,,Saut carpé jambes écartées ou serrées appel 2 pieds,44 - Saut carpé jambes écartées ou serrées appel 2 pieds,633.1,357.3,282.3,
7,Sol,71,SAUTS GYMNIQUES APPEL 2 PIEDS,,gauche,P6,64,,,Saut avec 2 tours en l’air (720°) appel des 2 pieds,64 - Saut avec 2 tours en l’air (720°) appel des 2 pieds,452.9,249.4,413.3,
7,Sol,71,SAUTS GYMNIQUES APPEL 2 PIEDS,,droite,P6,61,,,Popa. Saut carpé écarté avec 1 tour (360°) appel des 2 pieds,61 - Popa. Saut carpé écarté avec 1 tour (360°) appel des 2 pieds,617.7,221.5,416.3,
7,Sol,71,SAUTS GYMNIQUES APPEL 2 PIEDS,,droite,P4,50,,,Saut de cosaque 1/2 tour appel des 2 pieds. Saut groupé 1 jambe tendue à l’horizontale en avant,50 - Saut de cosaque 1/2 tour appel des 2 pieds. Saut groupé 1 jambe tendue à l’horizontale en avant,749.5,395.6,286.3,
7,Sol,71,SAUTS GYMNIQUES APPEL 2 PIEDS,,droite,P5,53,,,Saut carpé écarté avec 1/2 tour (180°),53 - Saut carpé écarté avec 1/2 tour (180°),609.3,285.8,351.7,
7,Sol,71,SAUTS GYMNIQUES APPEL 2 PIEDS,,droite,P2,28,,,Saut groupé (jambes serrées) appel des 2 pieds,28 - Saut groupé (jambes serrées) appel des 2 pieds,716.4,550.9,148.3,
7,Sol,71,SAUTS GYMNIQUES APPEL 2 PIEDS,,droite,P3,40,,,Saut de cosaque appel des 2 pieds Saut groupé 1 jambe tendue à l’horizontale en avant et réception 2 pieds,40 - Saut de cosaque appel des 2 pieds Saut groupé 1 jambe tendue à l’horizontale en avant et réception 2 pieds,673.0,434.0,217.4,
7,Sol,71,SAUTS GYMNIQUES APPEL 2 PIEDS,,droite,P3,38,,,Saut groupé avec 1/2 tour (180°) appel des 2 pieds,38 - Saut groupé avec 1/2 tour (180°) appel des 2 pieds,774.2,515.7,215.8,
7,Sol,71,SAUTS GYMNIQUES APPEL 2 PIEDS,,droite,P4,58,,,Saut groupé avec 1 tour (360°) appel des 2 pieds,58 - Saut groupé avec 1 tour (360°) appel des 2 pieds,828.4,474.8,283.7,
7,Sol,71,SAUTS GYMNIQUES APPEL 2 PIEDS,,droite,P5,66,,,Saut groupé avec 1 tour 1/2 (540°),66 - Saut groupé avec 1 tour 1/2 (540°),880.8,440.2,346.4,
7,Sol,71,SAUTS GYMNIQUES APPEL 2 PIEDS,,droite,P5,65,,,Saut de cosaque 1 tour appel 2 pieds. Saut groupé 1 jambe tendue à l’horizontale en avant avec 1 tour (360°),65 - Saut de cosaque 1 tour appel 2 pieds. Saut groupé 1 jambe tendue à l’horizontale en avant avec 1 tour (360°),812.1,353.7,356.5,
7,Sol,71,SAUTS GYMNIQUES APPEL 2 PIEDS,,droite,P5,56,,,Shoushounova. Saut carpé écarté l’appui couché facial,56 - Shoushounova. Saut carpé écarté l’appui couché facial,709.4,307.3,348.9,
7,Sol,71,SAUTS GYMNIQUES APPEL 2 PIEDS,,gauche,P1,121,,,Saut extension,121 - Saut extension,587.6,633.7,8.9,
7,Sol,71,SAUTS GYMNIQUES APPEL 2 PIEDS,,gauche,P3,122,,,Saut extension 1/2 tour,122 - Saut extension 1/2 tour,530.0,433.7,213.8,
8,Sol,72,SAUTS GYMNIQUES APPEL 1 PIED,,droite,P2,27,,,Saut de chat en avant,27 - Saut de chat en avant,719.2,549.9,151.2,
8,Sol,72,SAUTS GYMNIQUES APPEL 1 PIED,,droite,P2,32,,,Cabriole avec demi-tour (jambes tendues et retour à l’arabesque),32 - Cabriole avec demi-tour (jambes tendues et retour à l’arabesque),635.5,493.2,149.3,
8,Sol,72,SAUTS GYMNIQUES APPEL 1 PIED,,droite,P1,29,,,Cabriole. Saut appel 1 pied et réception même pied en écartant la jambe libre,29 - Cabriole. Saut appel 1 pied et réception même pied en écartant la jambe libre,596.1,629.9,7.3,
8,Sol,72,SAUTS GYMNIQUES APPEL 1 PIED,,,NOMADE,33,,,Saut ciseaux en avant avec les jambes tendues,33 - Saut ciseaux en avant avec les jambes tendues,1039.1,752.2,,
8,Sol,72,SAUTS GYMNIQUES APPEL 1 PIED,,droite,P4,73,new,,Saut ciseau demi,73 new - Saut ciseau demi,679.6,368.6,281.4,
8,Sol,72,SAUTS GYMNIQUES APPEL 1 PIED,,droite,P3,36,,,Saut de chat en avant avec 1/2 tour (180°),36 - Saut de chat en avant avec 1/2 tour (180°),764.1,506.2,213.2,
8,Sol,72,SAUTS GYMNIQUES APPEL 1 PIED,,droite,P4,39,,,Saut de chat avec 1 tour (360°),39 - Saut de chat avec 1 tour (360°),820.1,466.7,281.7,
8,Sol,72,SAUTS GYMNIQUES APPEL 1 PIED,,gauche,P5,51,,,Saut enjambé avec changement de jambes (angle d’écart 180° après le changement),51 - Saut enjambé avec changement de jambes (angle d’écart 180° après le changement),548.2,291.3,349.1,
8,Sol,72,SAUTS GYMNIQUES APPEL 1 PIED,,droite,P5,52,,,Saut de chat avec 1 tour 1/2 (540°),52 - Saut de chat avec 1 tour 1/2 (540°),870.9,424.8,347.5,
8,Sol,72,SAUTS GYMNIQUES APPEL 1 PIED,,gauche,P5,54,,,Enjambé pied/tête,54 - Enjambé pied/tête,349.6,387.1,351.0,
8,Sol,72,SAUTS GYMNIQUES APPEL 1 PIED,,gauche,P4,45,,,Saut enjambé (écart à 180°) aussi avec la jambe libre fléchie tendue,45 - Saut enjambé (écart à 180°) aussi avec la jambe libre fléchie tendue,487.2,381.5,277.8,
8,Sol,72,SAUTS GYMNIQUES APPEL 1 PIED,,gauche,P5,60,,,Saut enjambé avec 1/2 tour,60 - Saut enjambé avec 1/2 tour,444.8,321.3,350.1,
8,Sol,72,SAUTS GYMNIQUES APPEL 1 PIED,,gauche,P6,67,,,Saut changement de jambes avec demi-tour,67 - Saut changement de jambes avec demi-tour,537.9,221.9,419.3,
8,Sol,72,SAUTS GYMNIQUES APPEL 1 PIED,,droite,P5,62,,,Saut enjambé. avec changement de jambes (angle d’écart 180° après le changement),62 - Saut enjambé. avec changement de jambes (angle d’écart 180° après le changement),685.5,295.4,353.4,
8,Sol,72,SAUTS GYMNIQUES APPEL 1 PIED,,gauche,P6,71,,,Saut enjambé avec 1 tour,71 - Saut enjambé avec 1 tour,363.9,289.4,418.0,
8,Sol,72,SAUTS GYMNIQUES APPEL 1 PIED,,gauche,P5,55,,,Saut de cosaque 1 tour,55 - Saut de cosaque 1 tour,265.7,506.8,355.0,
8,Sol,72,SAUTS GYMNIQUES APPEL 1 PIED,,gauche,P3,128,,,Saut de biche,128 - Saut de biche,513.9,440.5,213.1,
8,Sol,72,SAUTS GYMNIQUES APPEL 1 PIED,,,PRÉ-REQUIS,71,new,,Assemblé,71 new - Assemblé,100.8,752.4,,
8,Sol,72,SAUTS GYMNIQUES APPEL 1 PIED,,gauche,P2,35,,,Saut de cosaque appel d’1 pied Saut groupé 1 jambe tendue à l’horizontale,35 - Saut de cosaque appel d’1 pied Saut groupé 1 jambe tendue à l’horizontale,460.1,570.0,151.4,
8,Sol,72,SAUTS GYMNIQUES APPEL 1 PIED,,gauche,P4,42,,,Cosaque changement de jambes,42 - Cosaque changement de jambes,354.7,494.8,280.0,
8,Sol,72,SAUTS GYMNIQUES APPEL 1 PIED,,droite,P6,70,,,Saut changement de jambes pied/tête. Saut enjambé avec changement de jambes (angle d’écart 180°,70 - Saut changement de jambes pied/tête. Saut enjambé avec changement de jambes (angle d’écart 180°,701.3,223.1,427.3,
8,Sol,72,SAUTS GYMNIQUES APPEL 1 PIED,,gauche,P7,72,,,Saut avec changement de jambes 1 tour,72 - Saut avec changement de jambes 1 tour,534.5,155.6,485.5,
