agres,element_id,palier,libelle
Poutre,poutre-59-p7-214bis,P7,"Salto avant corps tendu appel des 2 pieds avec 1 tour (360°)"
Poutre,poutre-59-p7-218,P7,"Double salto arrière"
Poutre,poutre-59-p7-217,P7,"Salto arrière avec 3/2 tour ou+"
Poutre,poutre-59-p6-214,P6,"Salto avant corps groupé, carpé, appel des 2 pieds avec 1 tour (360°)"
Poutre,poutre-59-p6-215,P6,"Salto arrière corps groupé, carpé, tendu, avec 1 tour (360°) à la station debout"
Poutre,poutre-59-p5-209,P5,"Salto avant tendu appel 2 pieds aussi avec 1/2 tour (180°) à la station debout"
Poutre,poutre-59-p5-210,P5,"Salto arrière tendu aussi avec 1/2 tour (180°) à la station debout"
Poutre,poutre-59-p5-211,P5,"Twist Appel en arrière avec 1/2 tour (180°) et salto avant à la station debout"
Poutre,poutre-59-p4-203,P4,"Salto avant avec demi-tour à la station debout (appel 2 pieds)"
Poutre,poutre-59-p3-199,P3,"Salto arrière groupé"
Poutre,poutre-59-p3-201,P3,"Salto avant corps groupé ou carpé"
Poutre,poutre-59-p2-193,P2,"En bout de poutre, appel 2 pieds, saut vertical et réception à la station debout"
Poutre,poutre-59-p2-4-new,P2,"En bout de poutre, appel 2 pieds saut vertical vers l'arrière et réception à la station debout"
Poutre,poutre-59-nomade-213,NOMADE,"Salto Auerbach groupé au bout de la poutre à la station debout"
Poutre,poutre-60-p6-212,P6,"Salto avant corps groupé, carpé, tendu appel 1 pied avec 1 tour (360°) à la station debout"
Poutre,poutre-60-p5-202,P5,"Salto avant tendu départ 1 pied"
Poutre,poutre-60-p4-200,P4,"Costal"
Poutre,poutre-60-p3-196,P3,"Rondade à la station debout (avec ou sans sursaut)"
Poutre,poutre-60-p3-197,P3,"Saut de mains. Renversement avant avec envol à la station debout avec ou sans sursaut"
